{
    "$schema": "https://schema.management.azure.com/schemas/2015-01-01/deploymentTemplate.json#",
    "contentVersion": "1.0.0.0",
    "parameters": {
        "Redis_EmployeeMS_name": {
            "defaultValue": "EmployeeMS",
            "type": "String"
        }
    },
    "variables": {},
    "resources": [
        {
            "type": "Microsoft.Cache/Redis",
            "apiVersion": "2019-07-01",
            "name": "[parameters('Redis_EmployeeMS_name')]",
            "location": "Central US",
            "properties": {
                "sku": {
                    "name": "Standard",
                    "family": "C",
                    "capacity": 1
                },
                "enableNonSslPort": false,
                "redisConfiguration": {
                    "maxclients": "1000",
                    "maxmemory-reserved": "50",
                    "maxfragmentationmemory-reserved": "50",
                    "maxmemory-delta": "50"
                }
            }
        }
    ]
}