{
    "$schema": "https://schema.management.azure.com/schemas/2015-01-01/deploymentTemplate.json#",
    "contentVersion": "1.0.0.0",
    "parameters": {
        "sites_SpringBootHelloWorld_1598356265333_name": {
            "defaultValue": "SpringBootHelloWorld-1598356265333",
            "type": "String"
        },
        "serverfarms_ServicePlan154ea7f2_9c40_4026_externalid": {
            "defaultValue": "/subscriptions/bf1f5578-a989-49be-aa4b-3911e42974b1/resourceGroups/SpringBootHelloWorld-1598356265333-rg/providers/Microsoft.Web/serverfarms/ServicePlan154ea7f2-9c40-4026",
            "type": "String"
        }
    },
    "variables": {},
    "resources": [
        {
            "type": "Microsoft.Web/sites",
            "apiVersion": "2018-11-01",
            "name": "[parameters('sites_SpringBootHelloWorld_1598356265333_name')]",
            "location": "West Europe",
            "kind": "app,linux",
            "properties": {
                "enabled": true,
                "hostNameSslStates": [
                    {
                        "name": "springboothelloworld-1598356265333.azurewebsites.net",
                        "sslState": "Disabled",
                        "hostType": "Standard"
                    },
                    {
                        "name": "springboothelloworld-1598356265333.scm.azurewebsites.net",
                        "sslState": "Disabled",
                        "hostType": "Repository"
                    }
                ],
                "serverFarmId": "[parameters('serverfarms_ServicePlan154ea7f2_9c40_4026_externalid')]",
                "reserved": true,
                "isXenon": false,
                "hyperV": false,
                "siteConfig": {},
                "scmSiteAlsoStopped": false,
                "clientAffinityEnabled": true,
                "clientCertEnabled": false,
                "hostNamesDisabled": false,
                "containerSize": 0,
                "dailyMemoryTimeQuota": 0,
                "httpsOnly": false,
                "redundancyMode": "None"
            }
        },
        {
            "type": "Microsoft.Web/sites/config",
            "apiVersion": "2018-11-01",
            "name": "[concat(parameters('sites_SpringBootHelloWorld_1598356265333_name'), '/web')]",
            "location": "West Europe",
            "dependsOn": [
                "[resourceId('Microsoft.Web/sites', parameters('sites_SpringBootHelloWorld_1598356265333_name'))]"
            ],
            "properties": {
                "numberOfWorkers": 1,
                "defaultDocuments": [
                    "Default.htm",
                    "Default.html",
                    "Default.asp",
                    "index.htm",
                    "index.html",
                    "iisstart.htm",
                    "default.aspx",
                    "index.php",
                    "hostingstart.html"
                ],
                "netFrameworkVersion": "v4.0",
                "linuxFxVersion": "JAVA|8-jre8",
                "requestTracingEnabled": false,
                "remoteDebuggingEnabled": false,
                "httpLoggingEnabled": false,
                "logsDirectorySizeLimit": 35,
                "detailedErrorLoggingEnabled": false,
                "publishingUsername": "$SpringBootHelloWorld-1598356265333",
                "azureStorageAccounts": {},
                "scmType": "None",
                "use32BitWorkerProcess": true,
                "webSocketsEnabled": false,
                "alwaysOn": false,
                "managedPipelineMode": "Integrated",
                "virtualApplications": [
                    {
                        "virtualPath": "/",
                        "physicalPath": "site\\wwwroot",
                        "preloadEnabled": false
                    }
                ],
                "loadBalancing": "LeastRequests",
                "experiments": {
                    "rampUpRules": []
                },
                "autoHealEnabled": false,
                "localMySqlEnabled": false,
                "ipSecurityRestrictions": [
                    {
                        "ipAddress": "Any",
                        "action": "Allow",
                        "priority": 1,
                        "name": "Allow all",
                        "description": "Allow all access"
                    }
                ],
                "scmIpSecurityRestrictions": [
                    {
                        "ipAddress": "Any",
                        "action": "Allow",
                        "priority": 1,
                        "name": "Allow all",
                        "description": "Allow all access"
                    }
                ],
                "scmIpSecurityRestrictionsUseMain": false,
                "http20Enabled": false,
                "minTlsVersion": "1.2",
                "ftpsState": "AllAllowed",
                "reservedInstanceCount": 0
            }
        },
        {
            "type": "Microsoft.Web/sites/deployments",
            "apiVersion": "2018-11-01",
            "name": "[concat(parameters('sites_SpringBootHelloWorld_1598356265333_name'), '/ee456fb947c542a6b038794a589d0748')]",
            "location": "West Europe",
            "dependsOn": [
                "[resourceId('Microsoft.Web/sites', parameters('sites_SpringBootHelloWorld_1598356265333_name'))]"
            ],
            "properties": {
                "status": 4,
                "author_email": "N/A",
                "author": "N/A",
                "deployer": "Push-Deployer",
                "message": "Created via a push deployment",
                "start_time": "2020-08-25T12:05:02.9829802Z",
                "end_time": "2020-08-25T12:05:14.5770699Z",
                "active": true
            }
        },
        {
            "type": "Microsoft.Web/sites/hostNameBindings",
            "apiVersion": "2018-11-01",
            "name": "[concat(parameters('sites_SpringBootHelloWorld_1598356265333_name'), '/', parameters('sites_SpringBootHelloWorld_1598356265333_name'), '.azurewebsites.net')]",
            "location": "West Europe",
            "dependsOn": [
                "[resourceId('Microsoft.Web/sites', parameters('sites_SpringBootHelloWorld_1598356265333_name'))]"
            ],
            "properties": {
                "siteName": "SpringBootHelloWorld-1598356265333",
                "hostNameType": "Verified"
            }
        }
    ]
}